year,category
2017,Introduction(Sustainability in an Urbanizing Planet Special Feature (Free Online))
2017,Ecology(Biological Sciences)
2017,Anthropology(Social Sciences)
2017,nan(Inner Workings)
2017,nan(PNAS Plus)
2017,Developmental Biology(Biological Sciences)
2017,Social Sciences(Social Sciences)
2017,Microbiology(Biological Sciences)
2017,nan(This Week in PNAS)
2017,Introduction(Chemical Physics of Water Special Feature (Free Online))
2017,Agricultural Sciences(Biological Sciences)
2017,Systems Biology(Biological Sciences)
2017,Biochemistry(Biological Sciences)
2017,Sustainability Science(Corrections (Online Only))
2017,nan(Core Concepts)
2017,Astronomy(Physical Sciences)
2017,Biophysics and Computational Biology(Physical Sciences)
2017,Environmental Sciences(Social Sciences)
2017,Plant Biology(Corrections (Online Only))
2017,Introduction(Sackler Colloquium on Gene Regulatory Networks and Network Models in Development and Evolution (Free Online))
2017,nan(Perspective)
2017,"Earth, Atmospheric, and Planetary Sciences(Physical Sciences)"
2017,Genetics(Biological Sciences)
2017,Mathematics(Physical Sciences)
2017,Sustainability Science(SI Correction (Online Only))
2017,Medical Sciences(Biological Sciences)
2017,Perspective(Sustainability in an Urbanizing Planet Special Feature (Free Online))
2017,Introduction(Sackler Colloquium on Extension of Biology Through Culture (Free Online))
2017,nan(Opinion)
2017,Chemistry(Physical Sciences)
2017,Applied Biological Sciences(Biological Sciences)
2017,nan(Profiles)
2017,Immunology and Inflammation(Biological Sciences)
2017,Research Articles(Sustainability in an Urbanizing Planet Special Feature (Free Online))
2017,Economic Sciences(Social Sciences)
2017,Sustainability Science(Physical Sciences)
2017,Perspectives(Chemical Physics of Water Special Feature (Free Online))
2017,nan(Editorial)
2017,Plant Biology(Biological Sciences)
2017,nan(News Feature)
2017,Environmental Sciences(Biological Sciences)
2017,nan(Letters (Online Only))
2017,Physics(Physical Sciences)
2017,Plant Biology(SI Correction (Online Only))
2017,Sustainability Science(Biological Sciences)
2017,Computer Sciences(Physical Sciences)
2017,Colloquium Papers(Sackler Colloquium on Gene Regulatory Networks and Network Models in Development and Evolution (Free Online))
2017,Engineering(Physical Sciences)
2017,Population Biology(Corrections (Online Only))
2017,Statistics(Physical Sciences)
2017,nan(Profile)
2017,nan(QnAs)
2017,Systems Biology(SI Corrections (Online Only))
2017,Anthropology(Biological Sciences)
2017,Systems Biology(SI Correction (Online Only))
2017,Physiology(Corrections (Online Only))
2017,Psychological and Cognitive Sciences(Social Sciences)
2017,Evolution(Biological Sciences)
2017,Population Biology(Biological Sciences)
2017,Psychological and Cognitive Sciences(SI Correction (Online Only))
2017,Sustainability Science(Retraction (Online Only))
2017,Sustainability Science(Social Sciences)
2017,Psychological and Cognitive Sciences(Biological Sciences)
2017,nan(Retrospective)
2017,Pharmacology(Biological Sciences)
2017,Plant Biology(Retraction (Online Only))
2017,Systems Biology(Correction (Online Only))
2017,Applied mathematics(Physical Sciences)
2017,Political Sciences(Social Sciences)
2017,Physiology(Biological Sciences)
2017,nan(Letter (Online Only))
2017,Applied Physical Sciences(Physical Sciences)
2017,Psychological and Cognitive Sciences(Correction (Online Only))
2017,nan(Commentaries)
2017,nan(Reviewer Acknowledgment (Online Only))
2017,Cell Biology(Biological Sciences)
2017,Systems Biology(Corrections (Online Only))
2017,nan(PNAS Plus Significance Statements)
2017,Biophysics and Computational Biology(Biological Sciences)
2017,Research Articles(Chemical Physics of Water Special Feature (Free Online))
2017,Plant Biology(Editorial Expressions of Concern (Online Only))
2017,Applied Mathematics(Physical Sciences)
2017,Colloquium Papers(Sackler Colloquium on Extension of Biology Through Culture (Free Online))
2017,Neuroscience(Biological Sciences)
2017,Psychological and Cognitive Sciences(Corrections (Online Only))
2017,Environmental Sciences(Physical Sciences)
2017,Population Biology(Retraction (Online Only))
2017,nan(Science and Culture)
2017,Systems Biology(Retraction (Online Only))
2018,Medical Sciences(Biological Sciences)
2018,nan(Science and Culture)
2018,Psychological and Cognitive Sciences(Biological Sciences)
2018,Ecology(Biological Sciences)
2018,nan(Inner Workings)
2018,Anthropology(Social Sciences)
2018,Pharmacology(Biological Sciences)
2018,Statistics(Physical Sciences)
2018,nan(Opinion)
2018,nan(Profile)
2018,Chemistry(Physical Sciences)
2018,Developmental Biology(Biological Sciences)
2018,nan(QnAs)
2018,Applied Biological Sciences(Biological Sciences)
2018,nan(Profiles)
2018,Immunology and Inflammation(Biological Sciences)
2018,Plant Biology(Retraction (Online Only))
2018,Sustainability Science(Physical Sciences)
2018,Economic Sciences(Social Sciences)
2018,Systems Biology(Correction (Online Only))
2018,Political Sciences(Social Sciences)
2018,Social Sciences(Social Sciences)
2018,Microbiology(Biological Sciences)
2018,Physiology(Biological Sciences)
2018,Plant Biology(Biological Sciences)
2018,nan(This Week in PNAS)
2018,Applied Physical Sciences(Physical Sciences)
2018,Anthropology(Biological Sciences)
2018,nan(Commentaries)
2018,Agricultural Sciences(Biological Sciences)
2018,Systems Biology(Biological Sciences)
2018,Systems Biology(SI Correction (Online Only))
2018,nan(News Feature)
2018,Environmental Sciences(Biological Sciences)
2018,Biochemistry(Biological Sciences)
2018,Cell Biology(Biological Sciences)
2018,nan(Letters (Online Only))
2018,Systems Biology(Corrections (Online Only))
2018,Psychological and Cognitive Sciences(Social Sciences)
2018,Physics(Physical Sciences)
2018,nan(PNAS Plus Significance Statements)
2018,Biophysics and Computational Biology(Physical Sciences)
2018,Biophysics and Computational Biology(Biological Sciences)
2018,Evolution(Biological Sciences)
2018,Astronomy(Physical Sciences)
2018,Applied Mathematics(Physical Sciences)
2018,Sustainability Science(Biological Sciences)
2018,Neuroscience(Biological Sciences)
2018,Sustainability Science(Social Sciences)
2018,Environmental Sciences(Physical Sciences)
2018,Psychological and Cognitive Sciences(Corrections (Online Only))
2018,Computer Sciences(Physical Sciences)
2018,nan(Perspective)
2018,"Earth, Atmospheric, and Planetary Sciences(Physical Sciences)"
2018,Genetics(Biological Sciences)
2018,Mathematics(Physical Sciences)
2018,Plant Biology(Correction (Online Only))
2018,Engineering(Physical Sciences)
2018,Systems Biology(Retraction (Online Only))
